"","L","R"
"1","CXCL1","CXCR2"
"2","CXCL2","CXCR2"
"3","CXCL3","CXCR2"
"4","CXCL5","CXCR2"
"5","PPBP","CXCR2"
"6","CXCL6","CXCR2"
"7","CXCL8","CXCR2"
"8","CXCL6","CXCR1"
"9","CXCL8","CXCR1"
"10","CXCL9","CXCR3"
"11","CXCL10","CXCR3"
"12","CXCL11","CXCR3"
"13","CXCL12","CXCR4"
"14","CXCL13","CXCR5"
"15","CXCL16","CXCR6"
"16","XCL1","XCR1"
"17","XCL2","XCR1"
"18","CX3CL1","CX3CR1"
"19","CCL20","CCR6"
"20","CCL25","CCR9"
"21","CCL17","CCR4"
"22","CCL22","CCR4"
"23","CCL19","CCR7"
"24","CCL21","CCR7"
"25","CCL2","CCR2"
"26","CCL4L1","CCR5"
"27","CCL3L3","CCR5"
"28","CCL13","CCR2"
"29","CCL13","CCR3"
"30","CCL7","CCR2"
"31","CCL7","CCR1"
"32","CCL5","CCR5"
"33","CCL5","CCR1"
"34","CCL5","CCR3"
"35","CCL14","CCR1"
"36","CCL16","CCR1"
"37","CCL23","CCR1"
"38","CCL15","CCR1"
"39","CCL15","CCR3"
"40","CCL8","CCR3"
"41","CCL11","CCR3"
"42","CCL24","CCR3"
"43","CCL26","CCR3"
"44","CCL28","CCR3"
"45","CCL28","CCR10"
"46","CCL27","CCR10"
"47","IL6","IL6ST"
"48","IL6","IL6R"
"49","IL11","IL11RA"
"50","IL11","IL6ST"
"51","OSM","LIFR"
"52","OSM","IL6ST"
"53","OSM","OSMR"
"54","LIF","LIFR"
"55","LIF","IL6ST"
"56","CNTF","CNTFR"
"57","CNTF","LIFR"
"58","CNTF","IL6ST"
"59","CLCF1","CNTFR"
"60","CLCF1","LIFR"
"61","CLCF1","IL6ST"
"62","CTF1","LIFR"
"63","CTF1","IL6ST"
"64","CSF3","CSF3R"
"65","LEP","LEPR"
"66","IL4","IL13RA1"
"67","IL4","IL4R"
"68","IL13","IL13RA1"
"69","IL13","IL4R"
"70","IL12A","IL12RB2"
"71","IL12A","IL12RB1"
"72","IL23A","IL12RB1"
"73","IL23A","IL23R"
"74","CSF2","CSF2RB"
"75","CSF2","CSF2RA"
"76","IL3","IL3RA"
"77","IL3","CSF2RB"
"78","IL5","IL5RA"
"79","IL5","CSF2RB"
"80","IL2","IL2RG"
"81","IL2","IL2RB"
"82","IL2","IL2RA"
"83","IL4","IL2RG"
"84","IL7","IL7R"
"85","IL7","IL2RG"
"86","IL9","IL9R"
"87","IL9","IL2RG"
"88","IL15","IL2RG"
"89","IL15","IL15RA"
"90","IL15","IL2RB"
"91","IL21","IL2RG"
"92","IL21","IL21R"
"93","TSLP","CRLF2"
"94","TSLP","IL7R"
"95","EPO","EPOR"
"96","GH1","GHR"
"97","GH2","GHR"
"98","PRL","PRLR"
"99","THPO","MPL"
"100","PDGFC","PDGFRA"
"101","PDGFA","PDGFRA"
"102","PDGFA","PDGFRB"
"103","PDGFB","PDGFRA"
"104","PDGFB","PDGFRB"
"105","VEGFB","FLT1"
"106","VEGFA","FLT1"
"107","VEGFA","KDR"
"108","VEGFD","KDR"
"109","VEGFD","FLT4"
"110","HGF","MET"
"111","EGF","EGFR"
"112","CSF1","CSF1R"
"113","KITLG","KIT"
"114","FLT3LG","FLT3"
"115","IFNA1","IFNAR2"
"116","IFNA1","IFNAR1"
"117","IFNB1","IFNAR2"
"118","IFNB1","IFNAR1"
"119","IFNW1","IFNAR2"
"120","IFNW1","IFNAR1"
"121","IFNK","IFNAR2"
"122","IFNK","IFNAR1"
"123","IFNE","IFNAR2"
"124","IFNE","IFNAR1"
"125","IFNG","IFNGR2"
"126","IFNG","IFNGR1"
"127","IL10","IL10RB"
"128","IL10","IL10RA"
"129","IL19","IL20RA"
"130","IL20","IL20RA"
"131","IL20","IL22RA1"
"132","IL24","IL20RA"
"133","IL24","IL22RA1"
"134","IL22","IL10RB"
"135","IL22","IL22RA1"
"136","IL22","IL22RA2"
"137","IFNL2","IL10RB"
"138","IFNL2","IFNLR1"
"139","IFNL3","IL10RB"
"140","IFNL3","IFNLR1"
"141","IFNL1","IL10RB"
"142","IFNL1","IFNLR1"
"143","TNFSF10","TNFRSF10A"
"144","TNFSF10","TNFRSF10B"
"145","TNFSF10","TNFRSF10C"
"146","TNFSF10","TNFRSF10D"
"147","TNFSF10","TNFRSF11B"
"148","TNFSF11","TNFRSF11B"
"149","TNFSF11","TNFRSF11A"
"150","TNFSF12","TNFRSF12A"
"151","TNF","TNFRSF1B"
"152","TNF","TNFRSF1A"
"153","LTA","TNFRSF1B"
"154","LTA","TNFRSF1A"
"155","LTA","LTBR"
"156","LTA","TNFRSF14"
"157","LTB","LTBR"
"158","TNFSF14","LTBR"
"159","TNFSF14","TNFRSF14"
"160","TNFSF14","TNFRSF6B"
"161","FASLG","TNFRSF6B"
"162","FASLG","FAS"
"163","CD40LG","CD40"
"164","CD70","CD27"
"165","TNFSF8","TNFRSF8"
"166","TNFSF9","TNFRSF9"
"167","TNFSF4","TNFRSF4"
"168","TNFSF18","TNFRSF18"
"169","TNFSF13","TNFRSF17"
"170","TNFSF13","TNFRSF13B"
"171","TNFSF13B","TNFRSF17"
"172","TNFSF13B","TNFRSF13B"
"173","TNFSF13B","TNFRSF13C"
"174","EDA","EDAR"
"175","EDA","EDA2R"
"176","TGFB1","TGFBR1"
"177","TGFB1","TGFBR2"
"178","TGFB2","TGFBR1"
"179","TGFB2","TGFBR2"
"180","TGFB3","TGFBR1"
"181","TGFB3","TGFBR2"
"182","INHBA","ACVR1"
"183","INHBA","ACVR2A"
"184","INHBA","ACVR1B"
"185","INHBA","ACVR2B"
"186","INHBB","ACVR1"
"187","INHBB","ACVR2A"
"188","INHBB","ACVR1B"
"189","INHBB","ACVR2B"
"190","INHBC","ACVR1"
"191","INHBC","ACVR2A"
"192","INHBC","ACVR1B"
"193","INHBC","ACVR2B"
"194","INHBE","ACVR1"
"195","INHBE","ACVR2A"
"196","INHBE","ACVR1B"
"197","INHBE","ACVR2B"
"198","AMH","ACVR1"
"199","AMH","AMHR2"
"200","BMP2","ACVR1"
"201","BMP2","BMPR2"
"202","BMP2","BMPR1B"
"203","BMP2","BMPR1A"
"204","BMP7","BMPR1B"
"205","BMP7","ACVR2A"
"206","GDF5","BMPR1A"
"207","GDF5","ACVR2A"
"208","IL1A","IL1RAP"
"209","IL1A","IL1R1"
"210","IL1A","IL1R2"
"211","IL1B","IL1RAP"
"212","IL1B","IL1R1"
"213","IL1B","IL1R2"
"214","IL18","IL18RAP"
"215","IL18","IL18R1"
"216","CXCL11","ACKR3"
"217","CXCL12","ACKR3"
"218","CCL1","CCR8"
"219","IL25","IL17RB"
"220","IL25","IL17RA"
"221","IL17A","IL17RA"
"222","IL17A","IL17RC"
"223","IL17F","IL17RA"
"224","IL17F","IL17RC"
"225","IL17C","IL17RA"
"226","IL17C","IL17RE"
"227","IL17B","IL17RB"
"228","CD58","CD2"
"229","CD80","CD28"
"230","CD80","CTLA4"
"231","CD86","CD28"
"232","CD86","CTLA4"
"233","HLA-A","CD8A"
"234","CD274","PDCD1"
"235","PDCD1LG2","PDCD1"
"237","ITGB2","CD226"
"238","ITGAL","CD226"
"239","ITGB2","ICAM1"
"240","ITGAL","ICAM1"
"241","ICAM1","ITGB2"
"242","ICAM1","ITGAL"
"243","CD28","CD80"
"244","ITGAM","ICAM1"
"245","ITGB1","VCAM1"
"246","ITGA4","VCAM1"
"247","ITGA9","VCAM1"
"248","SELPLG","SELP"
"249","SELPLG","SELE"
"250","PECAM1","PECAM1"
"251","PVR","CD226"
"252","NECTIN2","CD226"
"253","CNTN1","NRCAM"
"254","NCAM1","NCAM1"
"255","L1CAM","L1CAM"
"256","NECTIN1","NECTIN1"
"257","ALCAM","CD6"
"258","PTPRC","CD22"
"259","CD40","CD40LG"
"260","F11R","F11R"
"261","JAM2","JAM2"
"262","JAM3","JAM2"
"263","JAM2","JAM3"
"264","JAM3","JAM3"
"265","JAM3","ITGB2"
"266","JAM3","ITGAM"
"267","SELP","SELPLG"
"268","ICAM2","ITGB2"
"269","ICAM2","ITGAL"
"270","F11R","ITGB2"
"271","F11R","ITGAL"
"272","ICAM3","ITGB2"
"273","ICAM3","ITGAL"
"274","ICAM2","ITGAM"
"275","JAM2","ITGB1"
"276","JAM2","ITGA4"
"277","VCAM1","ITGB7"
"278","VCAM1","ITGA4"
"279","MADCAM1","ITGB7"
"280","MADCAM1","ITGA4"
"281","SELL","MADCAM1"
"282","CD34","SELL"
"283","SELE","GLG1"
"284","NECTIN3","NECTIN1"
"285","L1CAM","NCAM1"
"286","CADM1","CADM1"
"287","CADM3","CADM3"
"288","PTPRM","PTPRM"
"289","CNTN2","L1CAM"
"290","CNTN2","CNTNAP2"
"291","NECTIN2","NECTIN3"
"292","CD80","CD274"
"293","PVR","TIGIT"
"294","NECTIN2","TIGIT"
"295","CD274","CD80"
"296","NECTIN3","TIGIT"
"297","F11R","JAM2"
"298","F11R","JAM3"
"299","LRRC4C","NTNG1"
"300","LRRC4","NTNG2"
"301","LRRC4B","PTPRF"
"302","CGA","FSHR"
"303","CGA","LHCGR"
"304","CGA","TSHR"
"305","CSH1","GHR"
"308","COL1A1","ITGB1"
"309","COL1A1","ITGA1"
"310","LAMC3","ITGB1"
"311","LAMC3","ITGA1"
"312","COL1A1","ITGA2"
"313","LAMC3","ITGA2"
"314","CHAD","ITGA2"
"315","CHAD","ITGB1"
"316","LAMC3","ITGA3"
"317","RELN","ITGA3"
"318","RELN","ITGB1"
"319","COMP","ITGA3"
"320","COMP","ITGB1"
"321","COL1A1","ITGA3"
"322","FN1","ITGA3"
"323","FN1","ITGB1"
"324","FN1","ITGA4"
"325","SPP1","ITGA4"
"326","SPP1","ITGB1"
"327","FN1","ITGA5"
"328","LAMC3","ITGA6"
"329","LAMC3","ITGA7"
"330","FN1","ITGA8"
"331","VTN","ITGB1"
"332","VTN","ITGA8"
"333","TNC","ITGB1"
"334","TNC","ITGA8"
"335","TNC","ITGA9"
"336","SPP1","ITGA9"
"337","COL1A1","ITGA9"
"338","LAMC3","ITGA9"
"339","COL1A1","ITGA10"
"340","COL1A1","ITGA11"
"341","FN1","ITGAV"
"342","SPP1","ITGAV"
"343","VTN","ITGAV"
"344","FN1","ITGB7"
"345","VTN","ITGB3"
"346","FN1","ITGB3"
"347","VWF","ITGAV"
"348","VWF","ITGB3"
"349","SPP1","ITGB3"
"350","TNC","ITGAV"
"351","TNC","ITGB3"
"352","IBSP","ITGAV"
"353","IBSP","ITGB3"
"354","COMP","ITGAV"
"355","COMP","ITGB3"
"356","VTN","ITGA2B"
"357","FN1","ITGA2B"
"358","VWF","ITGA2B"
"359","COMP","ITGA2B"
"360","VTN","ITGB5"
"361","IBSP","ITGB5"
"362","SPP1","ITGB5"
"363","FN1","ITGB6"
"364","TNC","ITGB6"
"365","COL1A1","ITGAV"
"366","COL1A1","ITGB8"
"367","FN1","ITGB8"
"368","LAMC3","ITGAV"
"369","LAMC3","ITGB8"
"370","VTN","ITGB8"
"371","LAMC3","ITGB4"
"372","COL1A1","CD44"
"373","FN1","CD44"
"374","LAMC3","CD44"
"375","COL1A1","SDC1"
"376","FN1","SDC1"
"377","COMP","SDC1"
"378","TNC","SDC1"
"379","COMP","CD36"
"380","VWF","GP9"
"381","VWF","GP1BB"
"382","VWF","GP1BA"
"383","COL1A1","GP6"
"384","LAMC3","DAG1"
"385","AGRN","DAG1"
"386","HSPG2","DAG1"
"387","COMP","CD47"
"388","C3","C3AR1"
"389","ADM2","CALCR"
"390","CALCB","CALCR"
"391","IAPP","CALCR"
"392","CALCA","CALCR"
"393","ADM","MRGPRX2"
"394","ADM","GPR182"
"395","ADM","CALCR"
"396","CORT","SSTR1"
"397","CORT","SSTR4"
"398","CORT","SSTR5"
"399","CORT","SSTR3"
"400","CORT","SSTR2"
"401","CORT","MRGPRX2"
"402","SST","SSTR1"
"403","SST","SSTR4"
"404","SST","SSTR5"
"405","SST","SSTR3"
"406","SST","SSTR2"
"409","RSPO1","LGR4"
"410","RSPO1","LGR6"
"411","RSPO1","LGR5"
"412","RSPO4","LGR4"
"413","RSPO4","LGR6"
"414","RSPO4","LGR5"
"415","RSPO3","LGR4"
"416","RSPO3","LGR6"
"417","RSPO3","LGR5"
"418","RSPO2","LGR4"
"419","RSPO2","LGR6"
"420","RSPO2","LGR5"
"421","CALM1","CNGA2"
"422","CALM1","PDE1C"
"423","CALM1","PDE1B"
"424","CALM1","MYLK"
"425","CALM1","MYLK2"
"426","CALM1","PDE1A"
"427","CALM3","CNGA2"
"428","CALM3","PDE1C"
"429","CALM3","PDE1B"
"430","CALM3","MYLK"
"431","CALM3","MYLK2"
"432","CALM3","PDE1A"
"433","CALM2","CNGA2"
"434","CALM2","PDE1C"
"435","CALM2","PDE1B"
"436","CALM2","MYLK"
"437","CALM2","MYLK2"
"438","CALM2","PDE1A"
"439","INSL3","RXFP2"
"440","RLN1","RXFP1"
"441","RLN1","RXFP2"
"442","RLN2","RXFP1"
"443","RLN2","RXFP2"
"444","RLN3","RXFP3"
"445","RLN3","RXFP4"
"446","RLN3","RXFP1"
"447","RLN3","RXFP2"
"448","INSL5","RXFP3"
"449","INSL5","RXFP4"
"450","RARRES2","CMKLR1"
"451","RARRES2","GPR1"
"452","QRFP","QRFPR"
"453","ALOX5AP","ALOX5"
"454","APLN","APLNR"
"455","LHB","LHCGR"
"459","TSHB","TSHR"
"460","FSHB","FSHR"
"461","ANXA1","FPR1"
"462","ANXA1","FPR3"
"463","ANXA1","FPR2"
"464","HEBP1","FPR3"
"465","HEBP1","FPR2"
"466","CAMP","FPR2"
"467","SAA1","FPR2"
"468","APP","FPR2"
"473","CXCL1","CXCR1"
"481","RPS19","C5AR1"
"482","C5","C5AR1"
"483","C5","C5AR2"
"484","CCL19","CXCR3"
"485","CCL19","CCRL2"
"487","CCL19","ACKR4"
"489","CCL21","ACKR4"
"490","CCL25","ACKR4"
"492","DEFB4A","CCR6"
"493","DEFB4B","CCR6"
"494","CCL20","CXCR3"
"496","CXCL12","CXCR3"
"499","CXCL11","CCR3"
"502","CXCL9","CCR3"
"504","CXCL10","CCR3"
"506","CCL5","GPR75"
"510","CCL5","CXCR3"
"511","CCL8","CCR8"
"512","CCL8","CCR1"
"513","CCL8","CCR5"
"514","CCL8","CCR2"
"516","CCL13","CCR1"
"517","CCL13","CCR5"
"520","CCL13","CXCR3"
"522","CCL7","CCR5"
"524","CCL7","CCR3"
"525","CCL7","CXCR3"
"526","CCL11","CCR5"
"527","CCL11","CCR2"
"529","CCL11","CXCR3"
"530","CCL24","CCR2"
"532","CCL26","CCR2"
"534","CCL2","CCR5"
"536","CCL2","CCR3"
"537","CCL16","HRH4"
"538","CCL16","CCR5"
"539","CCL16","CCR2"
"541","CCL14","CCR5"
"542","CCL4","CCR1"
"543","CCL4","CCR5"
"544","CCL3","CCR1"
"545","CCL3","CCR5"
"553","CSF3","CSF1R"
"557","CSF2","CSF1R"
"558","ANGPT4","TEK"
"559","ANGPT1","TEK"
"564","EDN2","EDNRA"
"565","EDN1","EDNRA"
"566","EDN3","EDNRB"
"571","GALP","GALR1"
"572","GALP","GALR3"
"573","GALP","GALR2"
"574","GAL","GALR1"
"575","GAL","GALR3"
"576","GAL","GALR2"
"577","GAST","CCKAR"
"578","GAST","CCKBR"
"579","CCK","CCKAR"
"580","CCK","CCKBR"
"581","GCG","GCGR"
"582","GCG","GLP2R"
"583","GCG","GLP1R"
"586","GHRL","GHSR"
"587","GIP","GIPR"
"588","GNRH2","GNRHR"
"589","GNRH1","GNRHR"
"590","HCRT","HCRTR1"
"591","HCRT","HCRTR2"
"594","IGF2","IGF1R"
"595","IGF1","IGF1R"
"598","INS","INSR"
"599","KISS1","KISS1R"
"601","KNG1","BDKRB1"
"602","KNG1","BDKRB2"
"605","MLN","MLNR"
"606","MST1","MST1R"
"607","NDP","FZD4"
"608","NMB","GRPR"
"609","NMB","NMBR"
"610","GRP","GRPR"
"611","GRP","NMBR"
"612","NMU","NMUR1"
"613","NMU","NMUR2"
"614","NMS","NMUR1"
"615","NMS","NMUR2"
"616","NPPC","NPR2"
"617","NPS","NPSR1"
"618","NPW","NPBWR1"
"619","NPW","NPBWR2"
"620","NPB","NPBWR1"
"621","NPB","NPBWR2"
"622","NTF3","NGFR"
"623","NTF3","NTRK3"
"624","NGF","NGFR"
"625","NTF4","NGFR"
"626","BDNF","NGFR"
"627","NTS","NTSR1"
"628","NTS","NTSR2"
"629","OSTN","NPR3"
"630","OXT","AVPR2"
"631","OXT","AVPR1B"
"632","OXT","OXTR"
"633","OXT","AVPR1A"
"634","AVP","AVPR2"
"635","AVP","AVPR1B"
"636","AVP","OXTR"
"637","AVP","AVPR1A"
"638","PMCH","MCHR1"
"639","PMCH","MCHR2"
"640","PNOC","OPRL1"
"641","ARF1","PLD2"
"642","NPPB","NPR1"
"643","NPPA","NPR1"
"644","CSH2","PRLR"
"645","CSHL1","PRLR"
"647","CSH1","PRLR"
"648","PROK2","PROKR1"
"649","PROK2","PROKR2"
"650","PROK1","PROKR1"
"651","PROK1","PROKR2"
"652","PROS1","TYRO3"
"653","PROS1","AXL"
"654","GAS6","MERTK"
"655","GAS6","TYRO3"
"656","GAS6","AXL"
"657","PSAP","GPR37"
"658","PSAP","GPR37L1"
"659","PTH2","PTH2R"
"660","PTH2","PTH1R"
"661","PTHLH","PRLHR"
"662","PTHLH","PTH2R"
"663","PTHLH","PTH1R"
"664","PRLH","PRLHR"
"665","NPY","NPY1R"
"666","NPY","NPY5R"
"667","NPY","NPY4R"
"668","NPY","NPY2R"
"669","NPY","PRLHR"
"670","PYY","NPY1R"
"671","PYY","NPY5R"
"672","PYY","NPY4R"
"673","PYY","NPY2R"
"674","PPY","NPFFR1"
"675","PPY","NPFFR2"
"676","PPY","NPY1R"
"677","PPY","NPY5R"
"678","PPY","NPY4R"
"679","NPVF","NPFFR1"
"680","NPVF","NPFFR2"
"681","NPFF","MAS1"
"682","NPFF","NPFFR1"
"683","NPFF","NPFFR2"
"684","AGT","AGTR1"
"685","AGT","AGTR2"
"686","AGT","MAS1"
"687","TAC3","TACR2"
"688","TAC3","TACR3"
"689","TAC3","TACR1"
"690","TAC4","TACR2"
"691","TAC4","TACR3"
"692","TAC4","TACR1"
"693","TAC1","TACR2"
"694","TAC1","TACR3"
"695","TAC1","TACR1"
"707","BTLA","TNFRSF14"
"713","TNFSF15","TNFRSF25"
"718","TRH","TRHR"
"719","NRG1","ERBB4"
"720","NRG1","ERBB3"
"721","NRG2","ERBB4"
"722","NRG2","ERBB3"
"723","NRG4","ERBB4"
"724","NRG3","ERBB4"
"725","BTC","EGFR"
"726","BTC","ERBB4"
"727","HBEGF","EGFR"
"728","HBEGF","ERBB4"
"729","EREG","EGFR"
"730","EREG","ERBB4"
"731","EPGN","EGFR"
"733","TGFA","EGFR"
"734","AREG","EGFR"
"735","CRH","CRHR2"
"736","CRH","CRHR1"
"737","CRH","MC2R"
"738","UCN2","CRHR2"
"739","UCN2","CRHR1"
"740","UCN","CRHR2"
"741","UCN","CRHR1"
"742","UCN3","CRHR2"
"743","PENK","OPRD1"
"744","PENK","OPRM1"
"745","PENK","OPRK1"
"746","PENK","MRGPRX1"
"747","PDYN","OPRD1"
"748","PDYN","OPRM1"
"749","PDYN","OPRK1"
"750","POMC","MC2R"
"751","POMC","MC1R"
"752","POMC","MC4R"
"753","POMC","MC5R"
"754","POMC","MC3R"
"755","POMC","OPRD1"
"756","POMC","OPRM1"
"757","POMC","OPRK1"
"758","ASIP","MC1R"
"759","ASIP","MC4R"
"760","ASIP","MC5R"
"761","ASIP","MC3R"
"762","AGRP","MC4R"
"763","AGRP","MC5R"
"764","AGRP","MC3R"
"765","UTS2B","UTS2R"
"766","UTS2","UTS2R"
"770","PDGFC","KDR"
"771","PDGFC","FLT4"
"772","VEGFC","KDR"
"773","VEGFC","FLT4"
"774","SCT","SCTR"
"775","SCT","ADCYAP1R1"
"776","SCT","VIPR2"
"777","SCT","VIPR1"
"778","VIP","SCTR"
"779","VIP","ADCYAP1R1"
"780","VIP","VIPR2"
"781","VIP","VIPR1"
"782","ADCYAP1","ADCYAP1R1"
"783","ADCYAP1","VIPR2"
"784","ADCYAP1","VIPR1"
"785","GHRH","VIPR1"
"786","WNT4","FZD6"
"787","WNT5A","FZD6"
"788","WNT3A","FZD6"
"789","A2M","LRP1"
"790","AANAT","MTNR1A"
"791","AANAT","MTNR1B"
"792","ADAM12","ITGA9"
"793","ADAM12","ITGB1"
"794","ADAM12","SDC4"
"795","ADAM15","ITGA5"
"796","ADAM15","ITGA9"
"797","ADAM15","ITGB1"
"798","ADAM15","ITGB3"
"799","ADAM17","ITGA5"
"800","ADAM17","ITGB1"
"801","ADAM23","ITGA5"
"802","ADAM23","ITGB3"
"803","ADAM2","ITGA6"
"804","ADAM2","ITGB1"
"805","ADAM9","ITGA6"
"806","ADAM9","ITGAV"
"807","ADAM9","ITGB1"
"808","ADAM9","ITGB5"
"812","ADIPOQ","ADIPOR1"
"813","ADIPOQ","ADIPOR2"
"815","ADM2","CALCRL"
"816","ADM2","RAMP1"
"818","ADM","CALCRL"
"821","ADM","RAMP2"
"822","AGRN","MUSK"
"828","AGT","LRP2"
"833","ANGPT1","TIE1"
"834","ANGPT2","TEK"
"836","ANGPTL1","TEK"
"841","APOB","LDLR"
"842","APOE","LDLR"
"843","APOE","LRP5"
"844","APOE","LRP8"
"845","APOE","SORL1"
"846","APOE","VLDLR"
"850","ARTN","GFRA3"
"851","ARTN","RET"
"852","ASIP","ATRN"
"854","ASIP","MGRN1"
"860","BDNF","NTRK2"
"861","BMP10","ACVR1"
"862","BMP10","ACVR2A"
"863","BMP10","ACVR2B"
"864","BMP10","ACVRL1"
"865","BMP10","BMPR1A"
"866","BMP10","BMPR1B"
"867","BMP10","BMPR2"
"868","BMP15","ACVR1"
"869","BMP15","ACVR2A"
"870","BMP15","ACVR2B"
"871","BMP15","BMPR1A"
"872","BMP15","BMPR1B"
"873","BMP15","BMPR2"
"875","BMP2","ACVR2A"
"876","BMP2","ACVR2B"
"880","BMP3","ACVR1"
"881","BMP3","ACVR2A"
"882","BMP3","ACVR2B"
"883","BMP3","BMPR1A"
"884","BMP3","BMPR1B"
"885","BMP3","BMPR2"
"886","BMP4","ACVR1"
"887","BMP4","ACVR2A"
"888","BMP4","ACVR2B"
"889","BMP4","BMPR1A"
"890","BMP4","BMPR1B"
"891","BMP4","BMPR2"
"892","BMP5","ACVR1"
"893","BMP5","ACVR2A"
"894","BMP5","ACVR2B"
"895","BMP5","BMPR1A"
"896","BMP5","BMPR1B"
"897","BMP5","BMPR2"
"898","BMP6","ACVR1"
"899","BMP6","ACVR2A"
"900","BMP6","ACVR2B"
"901","BMP6","BMPR1A"
"902","BMP6","BMPR1B"
"903","BMP6","BMPR2"
"904","BMP7","ACVR1"
"906","BMP7","ACVR2B"
"907","BMP7","BMPR1A"
"909","BMP7","BMPR2"
"910","BMP8B","ACVR1"
"911","BMP8B","ACVR2A"
"912","BMP8B","ACVR2B"
"913","BMP8B","BMPR1A"
"914","BMP8B","BMPR1B"
"915","BMP8B","BMPR2"
"917","BTC","ERBB3"
"921","C3","ITGAX"
"922","C3","ITGB2"
"923","C3","LRP1"
"927","CALCA","CALCRL"
"928","CALCA","RAMP1"
"930","CALCB","CALCRL"
"931","CALCB","RAMP1"
"947","CALR","SCARF1"
"951","CCL11","ACKR2"
"956","CCL13","ACKR2"
"962","CCL14","ACKR2"
"972","CCL17","CCR8"
"982","CCL21","CXCR3"
"994","CCL2","ACKR2"
"995","CCL2","CCR1"
"998","CCL2","CCR4"
"1002","CCL4","ACKR2"
"1005","CCL4","CCR8"
"1006","CCL5","ACKR2"
"1009","CCL5","CCR4"
"1013","CCL7","ACKR2"
"1019","CCL8","ACKR2"
"1024","CD24","SELP"
"1028","CDH1","ITGAE"
"1029","CDH1","ITGB7"
"1030","CFH","SELL"
"1037","CLCF1","CRLF1"
"1040","CLEC11A","KIT"
"1044","COL18A1","GPC1"
"1045","COL18A1","ITGA5"
"1046","COL18A1","ITGB1"
"1047","COL1A1","DDR1"
"1048","COL1A1","DDR2"
"1052","COL2A1","ITGA10"
"1053","COL2A1","ITGA2"
"1054","COL2A1","ITGB1"
"1055","COL4A1","ITGA1"
"1056","COL4A1","ITGB1"
"1057","COL4A1","ITGB8"
"1058","COL5A3","SDC3"
"1059","CORT","GHSR"
"1073","CSF2","CSF3R"
"1094","CXCL2","CXCR1"
"1096","CXCL2","XCR1"
"1097","CXCL3","CXCR1"
"1099","CXCL5","CXCR1"
"1107","DHH","HHIP"
"1108","DHH","PTCH2"
"1109","DKK1","KREMEN1"
"1110","DKK1","KREMEN2"
"1111","DKK1","LRP6"
"1112","DKK2","LRP6"
"1113","DLK1","NOTCH1"
"1114","DLK1","NOTCH2"
"1115","DLK1","NOTCH3"
"1116","DLK1","NOTCH4"
"1117","DLL1","NOTCH1"
"1118","DLL1","NOTCH2"
"1119","DLL1","NOTCH3"
"1120","DLL1","NOTCH4"
"1121","DLL3","NOTCH1"
"1122","DLL3","NOTCH2"
"1123","DLL3","NOTCH3"
"1124","DLL3","NOTCH4"
"1125","DLL4","NOTCH1"
"1126","DLL4","NOTCH2"
"1127","DLL4","NOTCH3"
"1128","DLL4","NOTCH4"
"1134","EFNA1","EPHA1"
"1135","EFNA1","EPHA2"
"1136","EFNA1","EPHA3"
"1137","EFNA1","EPHA4"
"1138","EFNA1","EPHA5"
"1139","EFNA1","EPHA6"
"1140","EFNA1","EPHA7"
"1141","EFNA1","EPHA8"
"1142","EFNA2","EPHA1"
"1143","EFNA2","EPHA2"
"1144","EFNA2","EPHA3"
"1145","EFNA2","EPHA4"
"1146","EFNA2","EPHA5"
"1147","EFNA2","EPHA6"
"1148","EFNA2","EPHA7"
"1149","EFNA2","EPHA8"
"1150","EFNA3","EPHA1"
"1151","EFNA3","EPHA2"
"1152","EFNA3","EPHA3"
"1153","EFNA3","EPHA4"
"1154","EFNA3","EPHA5"
"1155","EFNA3","EPHA6"
"1156","EFNA3","EPHA7"
"1157","EFNA3","EPHA8"
"1158","EFNA3","EPHB1"
"1159","EFNA4","EPHA1"
"1160","EFNA4","EPHA2"
"1161","EFNA4","EPHA3"
"1162","EFNA4","EPHA4"
"1163","EFNA4","EPHA5"
"1164","EFNA4","EPHA6"
"1165","EFNA4","EPHA7"
"1166","EFNA4","EPHA8"
"1167","EFNA5","EPHA1"
"1168","EFNA5","EPHA2"
"1169","EFNA5","EPHA3"
"1170","EFNA5","EPHA4"
"1171","EFNA5","EPHA5"
"1172","EFNA5","EPHA6"
"1173","EFNA5","EPHA7"
"1174","EFNA5","EPHA8"
"1175","EFNA5","EPHB2"
"1176","EFNB1","EPHA4"
"1177","EFNB1","EPHB1"
"1178","EFNB1","EPHB2"
"1179","EFNB1","EPHB3"
"1180","EFNB1","EPHB4"
"1181","EFNB1","EPHB6"
"1182","EFNB2","EPHA4"
"1183","EFNB2","EPHB1"
"1184","EFNB2","EPHB2"
"1185","EFNB2","EPHB3"
"1186","EFNB2","EPHB4"
"1187","EFNB2","EPHB6"
"1188","EFNB3","EPHA4"
"1189","EFNB3","EPHB1"
"1190","EFNB3","EPHB2"
"1191","EFNB3","EPHB3"
"1192","EFNB3","EPHB4"
"1193","EFNB3","EPHB6"
"1199","F2","F2R"
"1200","F2","F2RL1"
"1201","F2","F2RL2"
"1202","F2","F2RL3"
"1203","F7","F3"
"1204","F8","LRP1"
"1205","F9","LRP1"
"1208","FGA","ITGAX"
"1209","FGA","ITGB2"
"1210","FGF10","FGFR1"
"1211","FGF10","FGFR2"
"1212","FGF10","FGFR3"
"1213","FGF10","FGFR4"
"1214","FGF11","FGFR1"
"1215","FGF11","FGFR2"
"1216","FGF11","FGFR3"
"1217","FGF11","FGFR4"
"1218","FGF12","FGFR1"
"1219","FGF12","FGFR2"
"1220","FGF12","FGFR3"
"1221","FGF12","FGFR4"
"1222","FGF13","FGFR1"
"1223","FGF13","FGFR2"
"1224","FGF13","FGFR3"
"1225","FGF13","FGFR4"
"1226","FGF14","FGFR1"
"1227","FGF14","FGFR2"
"1228","FGF14","FGFR3"
"1229","FGF14","FGFR4"
"1230","FGF16","FGFR1"
"1231","FGF16","FGFR2"
"1232","FGF16","FGFR3"
"1233","FGF16","FGFR4"
"1234","FGF17","FGFR1"
"1235","FGF17","FGFR2"
"1236","FGF17","FGFR3"
"1237","FGF17","FGFR4"
"1238","FGF18","FGFR1"
"1239","FGF18","FGFR2"
"1240","FGF18","FGFR3"
"1241","FGF18","FGFR4"
"1242","FGF19","FGFR1"
"1243","FGF19","FGFR2"
"1244","FGF19","FGFR3"
"1245","FGF19","FGFR4"
"1246","FGF1","FGFR1"
"1247","FGF1","FGFR2"
"1248","FGF1","FGFR3"
"1249","FGF1","FGFR4"
"1250","FGF22","FGFR2"
"1251","FGF23","FGFR1"
"1252","FGF23","FGFR2"
"1253","FGF23","FGFR4"
"1254","FGF2","FGFR1"
"1255","FGF2","FGFR2"
"1256","FGF2","FGFR3"
"1257","FGF2","FGFR4"
"1258","FGF2","SDC2"
"1259","FGF2","SDC4"
"1260","FGF3","FGFR1"
"1261","FGF3","FGFR2"
"1262","FGF4","FGFR1"
"1263","FGF4","FGFR2"
"1264","FGF4","FGFR3"
"1265","FGF4","FGFR4"
"1266","FGF5","FGFR1"
"1267","FGF5","FGFR2"
"1268","FGF5","FGFR3"
"1269","FGF5","FGFR4"
"1270","FGF6","FGFR1"
"1271","FGF6","FGFR2"
"1272","FGF6","FGFR4"
"1273","FGF7","FGFR2"
"1274","FGF8","FGFR1"
"1275","FGF8","FGFR2"
"1276","FGF8","FGFR3"
"1277","FGF8","FGFR4"
"1278","FGF9","FGFR1"
"1279","FGF9","FGFR2"
"1280","FGF9","FGFR3"
"1281","FGF9","FGFR4"
"1283","FN1","ITGA2"
"1292","FN1","SDC2"
"1294","GAD1","GRM4"
"1308","GDF11","ACVR1B"
"1309","GDF11","ACVR2A"
"1310","GDF11","ACVR2B"
"1311","GDF2","ACVRL1"
"1312","GDF5","BMPR1B"
"1313","GDF5","BMPR2"
"1314","GDF5","ROR2"
"1315","GDF6","BMPR1A"
"1316","GDF6","BMPR2"
"1317","GDF7","ACVR2A"
"1318","GDF7","BMPR1A"
"1319","GDF7","BMPR2"
"1320","GDF9","BMPR2"
"1321","GDF9","TGFBR1"
"1322","GDNF","GFRA1"
"1323","GDNF","GFRA2"
"1324","GDNF","RET"
"1327","GHRH","GHRHR"
"1330","GHRL","GPR39"
"1334","GPHA2","TSHR"
"1335","GPI","AMFR"
"1337","GSTP1","TRAF2"
"1338","GUCA2A","GUCY2C"
"1339","GUCA2B","GUCY2C"
"1340","GZMB","IGF2R"
"1341","HAS2","CD44"
"1342","HAS2","HMMR"
"1347","HDC","HRH1"
"1348","HDC","HRH2"
"1349","HDC","HRH3"
"1350","HDC","HRH4"
"1353","HLA-A","KIR3DL2"
"1354","HLA-B","KIR3DL1"
"1355","HLA-C","KIR2DL1"
"1356","HLA-C","KIR2DL3"
"1357","HLA-C","KIR2DS4"
"1358","HLA-E","KLRC1"
"1359","HLA-E","KLRC2"
"1360","HLA-E","KLRD1"
"1361","HLA-G","KIR2DL4"
"1362","HLA-G","KLRC1"
"1363","HLA-G","KLRD1"
"1364","HLA-G","LILRB1"
"1365","HSP90B1","LRP1"
"1366","HSPG2","PTPRS"
"1369","ICAM1","ITGAX"
"1375","ICAM4","ITGA2B"
"1376","ICAM4","ITGAL"
"1377","ICAM4","ITGAM"
"1378","ICAM4","ITGAV"
"1379","ICAM4","ITGB2"
"1380","ICAM4","ITGB3"
"1381","ICAM5","ITGAL"
"1382","ICAM5","ITGB2"
"1383","IFNA10","IFNAR1"
"1384","IFNA10","IFNAR2"
"1385","IFNA13","IFNAR1"
"1386","IFNA13","IFNAR2"
"1387","IFNA14","IFNAR1"
"1388","IFNA14","IFNAR2"
"1389","IFNA16","IFNAR1"
"1390","IFNA16","IFNAR2"
"1391","IFNA17","IFNAR1"
"1392","IFNA17","IFNAR2"
"1395","IFNA21","IFNAR1"
"1396","IFNA21","IFNAR2"
"1397","IFNA2","IFNAR1"
"1398","IFNA2","IFNAR2"
"1399","IFNA4","IFNAR1"
"1400","IFNA4","IFNAR2"
"1401","IFNA5","IFNAR1"
"1402","IFNA5","IFNAR2"
"1403","IFNA6","IFNAR1"
"1404","IFNA6","IFNAR2"
"1405","IFNA7","IFNAR1"
"1406","IFNA7","IFNAR2"
"1407","IFNA8","IFNAR1"
"1408","IFNA8","IFNAR2"
"1423","IGF2","IGF2R"
"1424","IGF2","INSR"
"1425","IHH","HHIP"
"1426","IHH","PTCH1"
"1433","IL12B","IL12RB1"
"1434","IL12B","IL12RB2"
"1436","IL13","IL13RA2"
"1437","IL13","IL2RG"
"1442","IL16","CD4"
"1447","IL18","IL1RAPL1"
"1449","IL19","IL20RB"
"1455","IL1RN","IL1R1"
"1456","IL1RN","IL1R2"
"1458","IL20","IL20RB"
"1462","IL22","IL10RA"
"1468","IL24","IL20RB"
"1474","IL31","IL31RA"
"1475","IL31","OSMR"
"1489","INHA","ACVR1"
"1490","INHA","ACVR1B"
"1491","INHA","ACVR2A"
"1492","INHA","ACVR2B"
"1493","INHA","TGFBR3"
"1498","INHBA","BAMBI"
"1511","JAG1","NOTCH1"
"1512","JAG1","NOTCH2"
"1513","JAG1","NOTCH3"
"1514","JAG1","NOTCH4"
"1515","JAG2","NOTCH1"
"1516","JAG2","NOTCH2"
"1517","JAG2","NOTCH3"
"1518","JAG2","NOTCH4"
"1523","KNG1","GPR135"
"1524","LAMA1","ITGA7"
"1525","LAMA1","ITGB1"
"1526","LAMA1","ITGB8"
"1527","LAMA1","RPSA"
"1528","LAMA2","ITGA7"
"1529","LAMA2","ITGB1"
"1530","LAMA2","RPSA"
"1531","LAMB1","ITGA6"
"1532","LAMB1","ITGB1"
"1533","LAMB2","RPSA"
"1534","LAMC2","ITGA3"
"1535","LAMC2","ITGA6"
"1536","LAMC2","ITGB1"
"1537","LAMC2","ITGB4"
"1538","LEFTY2","ACVR2B"
"1543","LIPH","LPAR1"
"1544","LIPH","LPAR2"
"1545","LIPH","LPAR4"
"1546","LRPAP1","LRP1"
"1551","LTB","CD40"
"1553","LTF","LRP1"
"1554","LTF","LRP11"
"1557","MDK","ALK"
"1558","MDK","PTPRB"
"1559","MDK","PTPRZ1"
"1561","MMP13","LRP1"
"1562","MMP9","LRP1"
"1564","NAMPT","INSR"
"1565","NCAM1","ROBO1"
"1566","NCAM1","ROBO3"
"1568","NDP","LGR4"
"1570","NGF","NTRK1"
"1571","NGF","SORT1"
"1572","NID1","PTPRF"
"1573","NLGN1","NRXN1"
"1574","NLGN1","NRXN3"
"1575","NLGN2","NRXN1"
"1576","NLGN2","NRXN2"
"1577","NLGN2","NRXN3"
"1578","NLGN3","NRXN1"
"1579","NLGN3","NRXN2"
"1580","NLGN3","NRXN3"
"1587","NODAL","ACVR1B"
"1588","NODAL","ACVR1C"
"1589","NODAL","ACVR2A"
"1590","NODAL","ACVR2B"
"1595","NPNT","ITGA8"
"1596","NPNT","ITGB1"
"1598","NPPA","NPR3"
"1600","NPPB","NPR2"
"1601","NPPB","NPR3"
"1613","NRG1","ERBB2"
"1620","NRTN","GFRA1"
"1621","NRTN","GFRA2"
"1622","NRTN","RET"
"1624","NTF3","NTRK1"
"1625","NTF3","NTRK2"
"1628","NTF4","NTRK1"
"1629","NTF4","NTRK2"
"1630","NTF4","NTRK3"
"1631","NTN1","DCC"
"1632","NTN1","UNC5C"
"1633","NTN3","CDON"
"1634","NTN3","NEO1"
"1635","NTN4","DCC"
"1636","NTN4","UNC5A"
"1637","NTNG1","LRRC4C"
"1640","NUCB2","ERAP1"
"1641","NXPH1","NRXN1"
"1642","NXPH1","NRXN2"
"1643","NXPH1","NRXN3"
"1644","NXPH3","NRXN1"
"1645","NXPH3","NRXN2"
"1646","NXPH3","NRXN3"
"1647","OMG","LINGO1"
"1648","OMG","TNFRSF1B"
"1663","PDGFD","PDGFRB"
"1668","PENK","OGFR"
"1671","PF4","FGFR2"
"1672","PF4","LDLR"
"1673","PF4","PROCR"
"1674","PF4","THBD"
"1675","PGF","FLT1"
"1676","PGF","NRP1"
"1677","PLAT","LRP1"
"1678","PLAU","LRP1"
"1679","PLAU","PLAUR"
"1680","PLG","ITGA9"
"1681","PLG","ITGB1"
"1685","PODXL2","SELL"
"1694","PPBP","CXCR1"
"1700","PRND","RPSA"
"1701","PROC","PROCR"
"1710","PSAP","LRP1"
"1711","PSEN1","NCSTN"
"1712","PSPN","GFRA4"
"1713","PSPN","RET"
"1714","PTDSS1","JMJD6"
"1715","PTDSS1","SCARB1"
"1716","PTGS2","PTGDR2"
"1722","PTH","PTH1R"
"1723","PTH","PTH2R"
"1724","PTN","PTPRB"
"1725","PTN","PTPRZ1"
"1730","QRFP","P2RY14"
"1736","RELN","LRP8"
"1737","RELN","VLDLR"
"1738","REN","ATP6AP2"
"1739","RGMA","NEO1"
"1752","RSPO1","LRP6"
"1762","RTN4","LINGO1"
"1763","RTN4","RTN4R"
"1764","RTN4","TNFRSF19"
"1769","SEMA3A","NRP1"
"1770","SEMA3A","PLXNA1"
"1771","SEMA3A","PLXNA2"
"1772","SEMA3A","PLXNA4"
"1773","SEMA3B","NRP1"
"1774","SEMA3C","NRP2"
"1775","SEMA3E","PLXND1"
"1776","SEMA3F","NRP2"
"1777","SEMA3F","PLXNA3"
"1778","SEMA4D","MET"
"1779","SEMA4D","PLXNB1"
"1780","SEMA4D","PLXNB2"
"1781","SEMA5A","MET"
"1782","SEMA5A","PLXNB3"
"1783","SEMA6D","KDR"
"1784","SEMA6D","PLXNA1"
"1785","SEMA7A","PLXNC1"
"1786","SERPINA1","LRP1"
"1787","SERPINC1","LRP1"
"1788","SERPINE1","LRP1"
"1789","SERPINE2","LRP1"
"1790","SERPING1","LRP1"
"1791","SHH","BOC"
"1792","SHH","CDON"
"1793","SHH","HHIP"
"1794","SHH","PTCH1"
"1795","SHH","SMO"
"1796","SLIT1","GPC1"
"1797","SLIT1","ROBO1"
"1798","SLIT1","SDC1"
"1799","SLIT2","GPC1"
"1800","SLIT2","ROBO1"
"1801","SLIT2","ROBO2"
"1802","SLIT2","ROBO4"
"1803","SLIT2","SDC1"
"1804","SOST","LRP5"
"1805","SOST","LRP6"
"1806","SPP1","CD44"
"1821","TDGF1","ACVR2A"
"1822","TFPI","LRP1"
"1823","TFPI","VLDLR"
"1824","TF","TFRC"
"1826","TGFB1","ACVRL1"
"1829","TGFB1","TGFBR3"
"1832","TGFB2","TGFBR3"
"1833","TGFB3","ACVRL1"
"1836","TGFB3","TGFBR3"
"1837","THBS1","CD36"
"1838","THBS1","CD47"
"1839","THBS1","SDC1"
"1840","THBS2","CD47"
"1850","TNFSF12","TNFRSF25"
"1864","TNF","LTBR"
"1867","TNF","TNFRSF21"
"1868","TPH1","HTR1A"
"1869","TPH1","HTR1B"
"1870","TPH1","HTR1D"
"1871","TPH1","HTR1E"
"1872","TPH1","HTR1F"
"1873","TPH1","HTR2A"
"1874","TPH1","HTR2B"
"1875","TPH1","HTR2C"
"1876","TPH1","HTR4"
"1877","TPH1","HTR5A"
"1878","TPH1","HTR6"
"1879","TPH1","HTR7"
"1887","ULBP2","KLRK1"
"1891","VCAM1","ITGAD"
"1892","VCAM1","ITGB1"
"1893","VCAM1","ITGB2"
"1896","VEGFA","NRP1"
"1897","VEGFA","NRP2"
"1899","VEGFB","NRP1"
"1902","VEGFC","NRP2"
"1903","VEGFC","VIPR2"
"1908","VTN","ITGA5"
"1910","WNT11","FZD7"
"1911","WNT1","FZD3"
"1912","WNT1","FZD8"
"1913","WNT1","FZD9"
"1914","WNT1","RYK"
"1916","WNT3","FZD8"
"1917","WNT3","LRP6"
"1918","WNT3","RYK"
"1919","WNT4","FZD2"
"1921","WNT5A","FZD2"
"1922","WNT5A","FZD4"
"1924","WNT5A","FZD7"
"1925","WNT5A","RYK"
"1926","WNT7A","FZD5"
"1927","WNT7B","FZD1"
"1928","WNT7B","FZD10"
"1929","WNT7B","LRP5"
"1932","ZP3","MERTK"
"1937","HLA-F","CD8A"
"1938","ICOSLG","ICOS"
"1939","NRXN1","NLGN1"
"1940","SPN","SIGLEC1"
"1941","ICOSLG","CD28"
"1942","ICOSLG","CTLA4"
"1943","CSHL1","GHR"
"1945","COL2A1","ITGA1"
"1947","LAMA1","ITGA1"
"1949","LAMA1","ITGA2"
"1950","LAMA1","ITGA3"
"1951","COL2A1","ITGA3"
"1952","LAMA1","ITGA6"
"1956","COL2A1","ITGA9"
"1957","LAMA1","ITGA9"
"1959","COL2A1","ITGA11"
"1960","COL2A1","ITGAV"
"1961","COL2A1","ITGB8"
"1962","LAMA1","ITGAV"
"1964","LAMA1","ITGB4"
"1965","COL2A1","CD44"
"1966","LAMA1","CD44"
"1967","COL2A1","SDC1"
"1968","COL2A1","GP6"
"1969","LAMA1","DAG1"
"1970","CCL3L3","CCR1"
"1977","ACE","BDKRB2"
"1978","ADAM10","EPHA3"
"1979","ADAM11","ITGA4"
"1985","ADAM15","ITGAV"
"1990","ADAM17","NOTCH1"
"1992","ADAM2","ITGA9"
"1994","ADAM2","ITGB7"
"1995","ADAM23","ITGA4"
"1998","ADAM28","ITGA4"
"1999","ADAM29","ITGA4"
"2000","ADAM7","ITGA4"
"2001","ADAM7","ITGB7"
"2002","ADAM9","ITGA3"
"2008","ADCYAP1","SCTR"
"2011","ADGRB1","RTN4R"
"2012","ADGRB1","RTN4RL1"
"2013","ADGRB1","RTN4RL2"
"2014","ADGRE5","CD55"
"2021","ADM","RAMP3"
"2025","ADM2","RAMP2"
"2026","ADM2","RAMP3"
"2027","AFDN","EPHA7"
"2028","AFDN","EPHB2"
"2029","AFDN","EPHB3"
"2030","AFDN","EPHB6"
"2031","AFDN","F11R"
"2032","AFDN","NECTIN1"
"2033","AFDN","NECTIN2"
"2034","AFDN","NECTIN3"
"2035","AFDN","NECTIN4"
"2036","AGRN","ATP1A3"
"2038","AGRN","LRP4"
"2043","AGRP","SDC3"
"2048","AHSG","INSR"
"2049","ALB","LRP2"
"2051","ALCAM","CHL1"
"2052","ALCAM","L1CAM"
"2053","ALCAM","NRP1"
"2054","ALKAL1","ALK"
"2055","ALKAL1","LTK"
"2056","ALKAL2","ALK"
"2057","ALKAL2","LTK"
"2058","AMBN","CD63"
"2059","AMELX","CD63"
"2060","AMELX","LAMP1"
"2061","AMELX","LAMP2"
"2062","AMELY","CD63"
"2063","AMELY","LAMP1"
"2064","AMELY","LAMP2"
"2067","AMH","EGFR"
"2068","ANG","PLXNB2"
"2069","ANGPT1","ITGA5"
"2070","ANGPT1","ITGB1"
"2074","ANGPT2","TIE1"
"2077","ANGPTL2","ITGA5"
"2078","ANGPTL2","ITGB1"
"2079","ANGPTL2","LILRB2"
"2080","ANGPTL3","ITGA5"
"2081","ANGPTL3","ITGAV"
"2082","ANGPTL3","ITGB3"
"2083","ANOS1","FGFR1"
"2084","ANOS1","SDC2"
"2085","ANPEP","SELE"
"2086","ANXA1","DYSF"
"2087","ANXA1","EGFR"
"2091","ANXA2","ROBO4"
"2092","ANXA2","TLR2"
"2093","APELA","APLNR"
"2095","APOB","ENO1"
"2097","APOB","LRP2"
"2098","APOB","LSR"
"2099","APOB","OLR1"
"2100","APOD","LEPR"
"2102","APOE","LRP1"
"2103","APOE","LRP2"
"2106","APOE","SCARB1"
"2109","APP","CAV1"
"2110","APP","CD74"
"2112","APP","GPC1"
"2113","APP","LRP1"
"2114","APP","NCSTN"
"2115","APP","TNFRSF21"
"2117","AREG","ERBB3"
"2118","ARF1","CHRM3"
"2119","ARF1","INSR"
"2121","ARTN","GFRA1"
"2125","ASIP","F11R"
"2127","ASIP","MC2R"
"2135","AZGP1","ITGAV"
"2136","B2M","CD1A"
"2137","B2M","CD1B"
"2138","B2M","HLA-F"
"2139","B2M","LILRB1"
"2140","BAG6","NCR3"
"2143","BDNF","SORT1"
"2144","BGN","FGFR3"
"2145","BGN","TLR2"
"2146","BGN","TLR4"
"2152","BMP10","ENG"
"2162","BMP2","ENG"
"2163","BMP2","HJV"
"2164","BMP2","RGMB"
"2169","BMP4","CFC1"
"2170","BMP4","RGMB"
"2171","BMP5","HJV"
"2177","BMP6","HJV"
"2184","BMP7","ENG"
"2185","BMP7","HJV"
"2186","BMP8A","ACVR2A"
"2187","BMP8A","ACVR2B"
"2188","BMP8A","BMPR1A"
"2189","BMP8A","BMPR2"
"2190","BMP8A","TGFBR1"
"2191","BMP8A","TGFBR2"
"2192","BSG","SELE"
"2193","BSG","SLC16A1"
"2194","BSG","SLC16A7"
"2195","BST2","LILRA4"
"2197","BTC","ERBB2"
"2200","BTLA","CD79A"
"2202","BTLA","VTCN1"
"2203","C1QA","CD33"
"2204","C1QA","CD93"
"2205","C1QA","CSPG4"
"2206","C1QB","CD33"
"2207","C1QB","LRP1"
"2208","C1QTNF1","AVPR2"
"2210","C3","C5AR2"
"2211","C3","CD19"
"2212","C3","CD46"
"2213","C3","CR1"
"2214","C3","CR2"
"2215","C3","ITGAM"
"2219","C3","NRP1"
"2220","C4A","C3AR1"
"2221","C4A","C5AR2"
"2222","C4A","CR1"
"2223","C4A","NRP1"
"2224","C4B","CD46"
"2225","C4B","CR1"
"2226","C4BPA","BMPR2"
"2227","C4BPA","CD40"
"2228","C4BPA","LRP1"
"2232","CADM1","CADM3"
"2233","CADM1","CRTAM"
"2234","CADM1","NECTIN3"
"2235","CADM3","CADM1"
"2237","CADM3","NECTIN1"
"2238","CADM3","NECTIN3"
"2242","CALCA","RAMP2"
"2246","CALR","ITGA3"
"2247","CALR","ITGAV"
"2248","CALR","LRP1"
"2249","CALR","MTNR1A"
"2251","CALR","TSHR"
"2257","CCL11","ACKR4"
"2263","CCL13","ACKR4"
"2270","CCL14","CCR3"
"2277","CCL16","CCR8"
"2279","CCL17","ACKR1"
"2280","CCL17","ACKR2"
"2283","CCL18","CCR3"
"2284","CCL18","CCR8"
"2285","CCL18","PITPNM3"
"2286","CCL19","ACKR2"
"2288","CCL19","CCR10"
"2292","CCL2","ACKR1"
"2294","CCL2","ACKR4"
"2296","CCL2","CCR10"
"2301","CCL20","ACKR4"
"2304","CCL21","ACKR2"
"2306","CCL21","CCR10"
"2309","CCL22","ACKR2"
"2314","CCL25","ACKR2"
"2316","CCL25","CCR10"
"2318","CCL26","CCR1"
"2321","CCL27","ACKR2"
"2323","CCL28","ACKR2"
"2326","CCL3","ACKR2"
"2328","CCL3","CCR3"
"2329","CCL3","CCR4"
"2331","CCL3L1","ACKR2"
"2332","CCL3L1","CCR1"
"2333","CCL3L1","CCR3"
"2334","CCL3L1","CCR5"
"2335","CCL3L3","ACKR2"
"2339","CCL4","CCR3"
"2342","CCL4L1","CCR1"
"2343","CCL4L1","CCR3"
"2345","CCL5","ACKR1"
"2353","CCL5","SDC1"
"2354","CCL5","SDC4"
"2355","CCL7","ACKR1"
"2357","CCL7","ACKR4"
"2359","CCL7","CCR10"
"2364","CCL8","ACKR1"
"2366","CCL8","ACKR4"
"2371","CCN1","ITGA5"
"2372","CCN1","ITGAM"
"2373","CCN1","ITGAV"
"2374","CCN1","ITGB2"
"2375","CCN1","ITGB3"
"2376","CCN1","ITGB5"
"2377","CCN1","SDC4"
"2378","CCN2","FGFR2"
"2379","CCN2","IGF2R"
"2380","CCN2","ITGA5"
"2381","CCN2","ITGAM"
"2382","CCN2","ITGB2"
"2383","CCN2","LRP1"
"2384","CCN2","LRP6"
"2385","CCN2","NTRK1"
"2386","CCN3","NOTCH1"
"2387","CCN4","ITGA5"
"2388","CCN4","ITGB1"
"2389","CD14","ITGA4"
"2390","CD14","ITGB1"
"2391","CD160","TNFRSF14"
"2392","CD177","PECAM1"
"2393","CD1D","LILRB2"
"2394","CD2","CD48"
"2395","CD200","CD200R1"
"2396","CD200","CD200R1L"
"2397","CD200R1","CD200"
"2398","CD209","ICAM3"
"2399","CD22","PTPRC"
"2400","CD226","NECTIN2"
"2401","CD226","PVR"
"2403","CD244","CD48"
"2407","CD28","CD86"
"2408","CD34","SELE"
"2410","CD34","SELP"
"2411","CD38","PECAM1"
"2413","CD44","SELE"
"2414","CD47","SIRPA"
"2415","CD47","SIRPG"
"2416","CD48","CD2"
"2417","CD48","CD244"
"2418","CD52","SIGLEC10"
"2419","CD55","ADGRE5"
"2421","CD59","CD2"
"2422","CD5L","CD5"
"2423","CD6","ALCAM"
"2428","CD84","CD84"
"2431","CD9","L1CAM"
"2432","CD96","NECTIN1"
"2433","CD96","PVR"
"2434","CD99","PILRA"
"2435","CD99","PILRB"
"2436","CDH1","EGFR"
"2437","CDH1","IGF1R"
"2440","CDH1","KLRG1"
"2441","CDH1","PTPRM"
"2442","CEACAM1","CD209"
"2443","CEACAM1","HAVCR2"
"2444","CEACAM1","SELE"
"2445","CEACAM5","CD1D"
"2446","CEACAM5","CD8A"
"2447","CEACAM6","CEACAM8"
"2448","CEACAM8","CEACAM1"
"2449","CEL","CXCR4"
"2450","CFH","ITGAM"
"2452","CFP","NCR1"
"2454","CGB3","LHCGR"
"2455","CGN","F11R"
"2458","CIRBP","TREM1"
"2463","CLEC11A","ITGA10"
"2464","CLEC11A","ITGA11"
"2465","CLEC11A","ITGB1"
"2466","CLEC2A","KLRF2"
"2467","CLEC2B","KLRF1"
"2468","CLEC2D","KLRB1"
"2469","CLEC4G","LAG3"
"2471","CNTF","IL6R"
"2474","CNTN1","NOTCH1"
"2475","CNTN1","NOTCH2"
"2476","CNTN1","PTPRZ1"
"2477","CNTN2","CNTN1"
"2479","CNTN2","NRCAM"
"2480","CNTN4","PTPRG"
"2481","CNTN6","NOTCH1"
"2482","COL11A1","DDR1"
"2483","COL14A1","CD44"
"2485","COL18A1","GPC4"
"2488","COL18A1","KDR"
"2489","COL18A1","PTPRS"
"2490","COL1A1","CD36"
"2492","COL1A1","CD93"
"2498","COL1A1","ITGA5"
"2500","COL1A2","CD44"
"2501","COL1A2","CD93"
"2502","COL1A2","GP6"
"2503","COL1A2","ITGA11"
"2504","COL1A2","ITGA2"
"2505","COL1A2","ITGB1"
"2506","COL1A2","ITGB3"
"2507","COL2A1","DDR1"
"2511","COL2A1","MAG"
"2512","COL2A1","TNFRSF10A"
"2513","COL3A1","DDR1"
"2514","COL3A1","DDR2"
"2515","COL3A1","MAG"
"2516","COL4A1","CD93"
"2518","COL4A1","ITGAV"
"2521","COL4A2","CD93"
"2522","COL4A3","CD47"
"2523","COL4A3","CD93"
"2524","COL4A3","ITGAV"
"2525","COL4A5","CD93"
"2526","COL4A6","CD93"
"2527","COL5A1","SDC3"
"2528","COL5A2","DDR1"
"2530","COL8A1","ITGA1"
"2531","COL8A1","ITGA2"
"2532","COL9A1","MAG"
"2533","COL9A2","MAG"
"2534","COL9A3","MAG"
"2535","COLQ","MUSK"
"2537","COMP","ITGA5"
"2546","CP","SLC40A1"
"2547","CPAMD8","SCTR"
"2550","CRLF1","CNTFR"
"2551","CRP","OLR1"
"2552","CRTAM","CADM1"
"2557","CSF2","IL3RA"
"2558","CSF2","SDC2"
"2563","CTHRC1","FZD3"
"2564","CTHRC1","FZD5"
"2565","CTHRC1","FZD6"
"2566","CTHRC1","ROR2"
"2568","CX3CL1","ITGAV"
"2569","CX3CL1","ITGB3"
"2570","CXADR","CXADR"
"2571","CXADR","JAML"
"2572","CXCL1","ACKR1"
"2577","CXCL10","SDC4"
"2582","CXCL12","CD4"
"2585","CXCL12","ITGA4"
"2586","CXCL12","ITGA5"
"2587","CXCL12","ITGAV"
"2588","CXCL12","ITGB1"
"2589","CXCL12","ITGB3"
"2590","CXCL13","ACKR4"
"2591","CXCL13","CCR10"
"2592","CXCL13","CXCR3"
"2594","CXCL14","CXCR4"
"2596","CXCL17","GPR35"
"2602","CXCL5","ACKR1"
"2607","CXCL8","ACKR1"
"2610","CXCL8","SDC1"
"2611","CXCL8","SDC2"
"2614","CYTL1","CCR2"
"2615","DAG1","LAMA4"
"2616","DCN","EGFR"
"2617","DCN","ERBB4"
"2618","DCN","MET"
"2619","DCN","TLR2"
"2620","DCN","TLR4"
"2621","DEFB1","CCR6"
"2622","DEFB103A","CCR6"
"2623","DEFB103B","CCR2"
"2624","DEFB103B","CCR6"
"2625","DEFB106A","CCR2"
"2627","DEFB4A","TLR4"
"2629","DHH","BOC"
"2630","DHH","CDON"
"2632","DHH","PTCH1"
"2636","DKK1","LRP4"
"2637","DKK1","LRP5"
"2639","DKK2","KREMEN1"
"2640","DKK2","KREMEN2"
"2641","DKK2","LRP5"
"2643","DKK4","KREMEN1"
"2644","DKK4","KREMEN2"
"2645","DKK4","LRP6"
"2650","DLK2","NOTCH1"
"2663","DNAJB11","PRTG"
"2664","DSC1","DSG1"
"2665","DSC1","DSG2"
"2666","DSC1","DSG3"
"2667","DSC1","DSG4"
"2668","DSC2","DSG1"
"2669","DSC2","DSG2"
"2670","DSC2","DSG3"
"2671","DSC2","DSG4"
"2672","DSC3","DSG1"
"2673","DSC3","DSG2"
"2674","DSC3","DSG3"
"2675","DSC3","DSG4"
"2676","DSG1","DSC3"
"2677","DSG2","DSC1"
"2678","DSG2","DSC3"
"2679","DSPP","ITGB6"
"2680","EBI3","IL27RA"
"2681","EBI3","IL6ST"
"2682","ECM1","ITGB4"
"2685","EDIL3","ITGB3"
"2687","EDN1","EDNRB"
"2688","EDN1","KEL"
"2690","EDN2","EDNRB"
"2691","EDN2","KEL"
"2692","EDN3","EDNRA"
"2694","EDN3","KEL"
"2695","EFEMP1","EGFR"
"2737","EFNA5","EPHB1"
"2739","EFNA5","EPHB6"
"2746","EFNB1","ERBB2"
"2747","EFNB2","EPHA3"
"2749","EFNB2","EPHA6"
"2755","EFNB2","GRM1"
"2756","EFNB2","GRM5"
"2757","EFNB2","PECAM1"
"2758","EFNB2","RHBDL2"
"2765","EFNB3","RHBDL2"
"2767","EGF","ERBB2"
"2768","EGF","ERBB3"
"2769","EGF","ERBB4"
"2770","ENAM","CD63"
"2771","ENHO","GPR19"
"2772","EPCAM","EPCAM"
"2774","EPHA4","EFNB1"
"2775","EPO","CRLF3"
"2776","EPO","EPHB4"
"2780","F10","F3"
"2781","F11","GP1BA"
"2783","F12","GP1BA"
"2784","F13A1","ITGA4"
"2785","F13A1","ITGA9"
"2786","F13A1","ITGB1"
"2791","F2","GP1BA"
"2792","F2","GP9"
"2793","F2","ITGA2B"
"2794","F2","THBD"
"2796","F8","ASGR2"
"2797","F8","LDLR"
"2800","FAM3C","LIFR"
"2801","FAM3D","FPR1"
"2802","FAM3D","FPR2"
"2805","FAT4","DCHS1"
"2806","FBLN1","ITGB1"
"2807","FBN1","ITGA5"
"2808","FBN1","ITGAV"
"2809","FBN1","ITGB1"
"2810","FBN1","ITGB3"
"2811","FCER2","CR2"
"2812","FCN2","LRP1"
"2813","FGA","ITGA2B"
"2814","FGA","ITGA5"
"2815","FGA","ITGAM"
"2816","FGA","ITGAV"
"2818","FGA","ITGB1"
"2820","FGA","ITGB3"
"2821","FGA","TLR4"
"2822","FGB","ITGA2B"
"2823","FGB","ITGA5"
"2824","FGB","ITGAM"
"2825","FGB","ITGAV"
"2826","FGB","ITGB1"
"2827","FGB","ITGB2"
"2828","FGB","TLR4"
"2829","FGF1","CD44"
"2830","FGF1","CSPG4"
"2835","FGF1","NRP1"
"2838","FGF10","FGFRL1"
"2839","FGF13","SCN5A"
"2840","FGF13","SCN8A"
"2856","FGF19","KLB"
"2857","FGF2","CD44"
"2862","FGF2","FGFRL1"
"2863","FGF2","GPC4"
"2864","FGF2","NRP1"
"2865","FGF2","SDC1"
"2867","FGF2","SDC3"
"2869","FGF20","FGFR1"
"2870","FGF20","FGFR2"
"2871","FGF20","FGFR3"
"2872","FGF20","FGFR4"
"2873","FGF21","FGFR4"
"2874","FGF22","FGFR1"
"2876","FGF22","FGFRL1"
"2879","FGF23","FGFR3"
"2881","FGF23","KL"
"2884","FGF3","FGFR3"
"2885","FGF3","FGFR4"
"2886","FGF3","FGFRL1"
"2891","FGF4","FGFRL1"
"2892","FGF4","NRP1"
"2899","FGF6","FGFR3"
"2901","FGF7","FGFR1"
"2903","FGF7","FGFR3"
"2904","FGF7","NRP1"
"2909","FGF8","FGFRL1"
"2914","FGG","ITGA2B"
"2915","FGG","ITGA5"
"2916","FGG","ITGAV"
"2917","FGG","ITGB1"
"2918","FGG","ITGB2"
"2919","FGG","TLR4"
"2920","FGL1","EGFR"
"2921","FGL1","LAG3"
"2924","FN1","COL13A1"
"2930","FN1","ITGA9"
"2937","FN1","MAG"
"2938","FN1","NT5E"
"2939","FN1","PLAUR"
"2941","FN1","TNFRSF11B"
"2942","FN1","TSHR"
"2943","FNDC5","ITGAV"
"2944","FNDC5","ITGB5"
"2946","FSTL1","DIP2A"
"2947","FZD8","CKAP4"
"2951","GAL","GPR151"
"2962","GDF1","ACVR1"
"2963","GDF1","BMPR1A"
"2964","GDF1","BMPR2"
"2968","GDF15","GFRAL"
"2969","GDF2","ACVR1"
"2970","GDF2","ACVR2A"
"2971","GDF2","ACVR2B"
"2973","GDF2","BMPR2"
"2974","GDF2","ENG"
"2975","GDF3","TDGF1"
"2976","GDF5","ACVR1"
"2978","GDF5","ACVR2B"
"2984","GDF6","BMPR1B"
"2989","GDF9","ACVR2A"
"2990","GDF9","BMPR1A"
"2991","GDF9","BMPR1B"
"2998","GH1","PRLR"
"3004","GHRL","MLNR"
"3005","GIP","DPP4"
"3007","GLG1","SELE"
"3008","GNAI2","ADCY1"
"3009","GNAI2","ADORA1"
"3010","GNAI2","ADRA2A"
"3011","GNAI2","ADRA2B"
"3012","GNAI2","AGTR2"
"3013","GNAI2","C5AR1"
"3014","GNAI2","CAV1"
"3015","GNAI2","CCR5"
"3016","GNAI2","CNR1"
"3017","GNAI2","CXCR1"
"3018","GNAI2","CXCR2"
"3019","GNAI2","EDNRA"
"3020","GNAI2","EGFR"
"3021","GNAI2","F2R"
"3022","GNAI2","FPR1"
"3023","GNAI2","IGF1R"
"3024","GNAI2","LHCGR"
"3025","GNAI2","LPAR3"
"3026","GNAI2","MTNR1A"
"3027","GNAI2","MTNR1B"
"3028","GNAI2","OPRD1"
"3029","GNAI2","OPRM1"
"3030","GNAI2","P2RY12"
"3031","GNAI2","TBXA2R"
"3032","GNAI2","TSHR"
"3033","GNAS","ADRB2"
"3034","GNAS","AVPR2"
"3035","GNAS","CRHR1"
"3036","GNAS","GCGR"
"3037","GNAS","LHCGR"
"3038","GNAS","PTGDR"
"3039","GNAS","TSHR"
"3040","GNAS","VIPR1"
"3043","GPC3","CD81"
"3044","GPC3","IGF1R"
"3046","GPHB5","TSHR"
"3048","GREM1","KDR"
"3049","GRN","SORT1"
"3050","GRN","TNFRSF1A"
"3051","GRN","TNFRSF1B"
"3052","GRP","BRS3"
"3057","GUCA2B","GUCY2D"
"3058","GZMB","CHRM3"
"3062","HAVCR1","CD300LB"
"3063","HAVCR1","HAVCR1"
"3064","HBEGF","CD44"
"3065","HBEGF","CD82"
"3066","HBEGF","CD9"
"3068","HBEGF","ERBB2"
"3072","HCRT","NPFFR2"
"3074","HGF","CD44"
"3076","HGF","SDC1"
"3077","HGF","SDC2"
"3078","HGF","ST14"
"3079","HHLA2","TMIGD2"
"3080","HLA-A","APLP2"
"3081","HLA-A","ERBB2"
"3082","HLA-A","KIR3DL1"
"3084","HLA-A","LILRB1"
"3085","HLA-A","LILRB2"
"3086","HLA-B","CANX"
"3087","HLA-B","KIR2DL3"
"3089","HLA-B","KIR3DL2"
"3090","HLA-B","KLRD1"
"3091","HLA-B","LILRB1"
"3092","HLA-B","LILRB2"
"3096","HLA-C","LILRA3"
"3097","HLA-C","LILRB1"
"3098","HLA-C","LILRB2"
"3102","HLA-E","KLRK1"
"3103","HLA-F","KIR3DL1"
"3104","HLA-F","KIR3DL2"
"3105","HLA-F","LILRB1"
"3106","HLA-F","LILRB2"
"3111","HLA-G","LILRB2"
"3112","HMGB1","HAVCR2"
"3113","HMGB1","SDC1"
"3114","HMGB1","THBD"
"3115","HP","CD163"
"3116","HP","ITGAM"
"3117","HP","ITGB2"
"3118","HRAS","AGTR1"
"3119","HRAS","CAV1"
"3120","HRAS","INSR"
"3121","HRG","FCGR1A"
"3122","HSP90AA1","CFTR"
"3123","HSP90AA1","EGFR"
"3124","HSP90AA1","FGFR3"
"3125","HSPG2","COL13A1"
"3126","HSPG2","ITGA2"
"3127","HSPG2","ITGB1"
"3130","IAPP","RAMP1"
"3131","IAPP","RAMP2"
"3132","ICAM1","IL2RA"
"3134","ICAM1","ITGAM"
"3137","ICAM1","SPN"
"3141","ICAM3","CD209"
"3142","ICAM3","CLEC4M"
"3143","ICAM3","ITGAD"
"3147","ICAM4","ITGA4"
"3151","ICAM4","ITGB1"
"3158","ICOS","ICOSLG"
"3200","IFNL4","IFNLR1"
"3201","IFNL4","IL10RB"
"3208","IGFBP4","FZD8"
"3209","IGFBP4","LRP6"
"3210","IGFL1","IGFLR1"
"3211","IGFL2","IGFLR1"
"3212","IGFL3","IGFLR1"
"3213","IGSF11","VSIR"
"3214","IHH","BOC"
"3215","IHH","CDON"
"3218","IHH","PTCH2"
"3227","IL12B","IL23R"
"3233","IL15","IL2RA"
"3237","IL16","GRIN2D"
"3238","IL16","KCNJ10"
"3239","IL16","KCNJ15"
"3257","IL1F10","IL1R1"
"3258","IL1RAPL1","PTPRD"
"3259","IL1RAPL1","PTPRF"
"3260","IL1RAPL1","PTPRS"
"3263","IL2","CD53"
"3282","IL26","IL20RA"
"3283","IL26","IL20RB"
"3284","IL27","IL27RA"
"3289","IL32","ITGB3"
"3290","IL33","IL1RL1"
"3291","IL34","CSF1R"
"3292","IL34","PTPRZ1"
"3293","IL36A","IL1RL2"
"3294","IL36RN","IL1RL2"
"3295","IL4","CD53"
"3297","IL4","IL13RA2"
"3312","INHBA","ACVR1C"
"3316","INHBA","ENG"
"3317","INHBA","TGFBR3"
"3320","INHBB","ACVR1C"
"3323","INHBB","CFC1"
"3324","INHBB","CFC1B"
"3327","INS","IGF1R"
"3329","INS","LRP2"
"3333","ITGAV","THY1"
"3334","ITGB2","THY1"
"3335","JAG1","CD46"
"3344","JAM2","F11R"
"3347","JAML","CXADR"
"3348","KIR3DS1","HLA-F"
"3350","KISS1","MMP24"
"3352","KLRB1","CLEC2D"
"3353","KLRF1","CLEC2B"
"3354","KMT2E","NCR2"
"3357","KNG1","GP1BA"
"3359","KNG1","ITGB2"
"3360","KNG1","PLAUR"
"3361","KNG1","RXFP4"
"3362","L1CAM","ALCAM"
"3363","L1CAM","CD9"
"3364","L1CAM","CNTN1"
"3365","L1CAM","EGFR"
"3366","L1CAM","EPHB2"
"3367","L1CAM","ERBB2"
"3368","L1CAM","ERBB3"
"3369","L1CAM","ITGA5"
"3370","L1CAM","ITGAV"
"3371","L1CAM","PTPRZ1"
"3372","LACRT","SDC1"
"3379","LAMA2","DAG1"
"3383","LAMA3","SDC2"
"3384","LAMA5","BCAM"
"3392","LCN1","LMBR1L"
"3393","LCN2","LRP2"
"3394","LEAP2","GHSR"
"3397","LGALS1","CD69"
"3398","LGALS1","ITGB1"
"3399","LGALS1","PTPRC"
"3400","LGALS3","LAG3"
"3401","LGALS3BP","ITGB1"
"3402","LGALS9","CD44"
"3403","LGALS9","HAVCR2"
"3404","LGI1","ADAM11"
"3405","LGI1","ADAM22"
"3406","LGI1","ADAM23"
"3407","LGI1","RTN4R"
"3408","LGI2","ADAM11"
"3409","LGI2","ADAM22"
"3410","LGI2","ADAM23"
"3411","LGI3","ADAM22"
"3412","LGI3","ADAM23"
"3413","LGI3","FLOT1"
"3414","LGI3","STX1A"
"3415","LGI4","ADAM11"
"3416","LGI4","ADAM22"
"3417","LGI4","ADAM23"
"3421","LILRB4","LAIR1"
"3422","LIN7C","HTR2C"
"3423","LIPC","LRP1"
"3427","LPA","LRP2"
"3428","LPL","GPIHBP1"
"3429","LPL","LRP1"
"3430","LPL","LRP2"
"3431","LPL","SDC1"
"3432","LPL","VLDLR"
"3433","LRFN3","LRFN3"
"3434","LRFN5","LRFN5"
"3435","LRPAP1","LDLR"
"3437","LRPAP1","LRP2"
"3438","LRPAP1","LRP8"
"3439","LRPAP1","SORL1"
"3440","LRPAP1","SORT1"
"3441","LRPAP1","VLDLR"
"3442","LRRC4B","PTPRD"
"3444","LRRC4B","PTPRS"
"3451","LTB","TNFRSF1A"
"3452","LTBP1","ITGB5"
"3453","LTBP3","ITGB5"
"3456","LY86","CD180"
"3457","LY9","LY9"
"3458","MADCAM1","CD44"
"3461","MATN1","ITGA1"
"3462","MATN1","ITGB1"
"3463","MBL2","CD93"
"3464","MCAM","MCAM"
"3466","MDK","ITGA4"
"3467","MDK","ITGA6"
"3468","MDK","ITGB1"
"3469","MDK","LRP1"
"3470","MDK","NOTCH2"
"3472","MDK","SDC1"
"3473","MDK","SDC3"
"3474","MDK","SDC4"
"3475","MDK","TSPAN1"
"3476","MELTF","PLG"
"3477","MEPE","PHEX"
"3478","MFGE8","ITGAV"
"3479","MFGE8","ITGB3"
"3480","MFGE8","PDGFRB"
"3481","MFNG","NOTCH1"
"3482","MFNG","NOTCH2"
"3483","MIA","CDH7"
"3484","MICA","KLRK1"
"3485","MICB","KLRK1"
"3486","MIF","CD74"
"3487","MIF","CXCR2"
"3488","MIF","CXCR4"
"3490","MMP1","ITGA2"
"3491","MMP12","PLAUR"
"3493","MMP2","SDC2"
"3494","MMP7","CD151"
"3495","MMP7","CD44"
"3496","MMP7","ERBB4"
"3497","MMP9","CD44"
"3498","MMP9","EPHB2"
"3500","MMRN2","CD248"
"3501","MMRN2","CD93"
"3502","MMRN2","CLEC14A"
"3503","MRC1","PTPRC"
"3504","MSMP","CCR2"
"3506","MSTN","ACVR2B"
"3507","MUC1","SIGLEC9"
"3508","MUC2","AGR2"
"3509","MUC7","SELL"
"3510","MYL9","CD69"
"3511","MYOC","FZD1"
"3512","MYOC","FZD10"
"3513","MYOC","FZD3"
"3514","MYOC","FZD4"
"3515","MYOC","FZD7"
"3517","NCAM1","FGFR1"
"3518","NCAM1","GFRA1"
"3519","NCAM1","PTPRZ1"
"3522","NCR3LG1","NCR3"
"3525","NECTIN1","CADM3"
"3526","NECTIN1","CD96"
"3528","NECTIN1","NECTIN3"
"3529","NECTIN1","NECTIN4"
"3531","NECTIN2","CD96"
"3532","NECTIN2","NECTIN2"
"3534","NECTIN2","PVRIG"
"3536","NECTIN3","CADM1"
"3537","NECTIN3","CADM3"
"3538","NECTIN3","NECTIN2"
"3539","NECTIN3","NECTIN3"
"3540","NECTIN3","PVR"
"3541","NECTIN4","NECTIN4"
"3542","NECTIN4","TIGIT"
"3543","NELL2","ROBO3"
"3546","NGF","SORCS3"
"3548","NID1","COL13A1"
"3549","NID1","ITGAV"
"3550","NID1","ITGB3"
"3552","NID2","COL13A1"
"3554","NLGN1","NRXN2"
"3562","NLGN4X","NRXN1"
"3563","NMB","BRS3"
"3574","NODAL","CFC1"
"3575","NODAL","TDGF1"
"3583","NPPA","NPR2"
"3589","NPPC","NPR3"
"3595","NPY","FAP"
"3596","NPY","NPFFR2"
"3616","NTF4","BEX3"
"3620","NTN1","ADORA2B"
"3622","NTN1","MCAM"
"3623","NTN1","NEO1"
"3624","NTN1","UNC5A"
"3625","NTN1","UNC5B"
"3627","NTN1","UNC5D"
"3633","NTNG2","LRRC4"
"3634","NTRK3","PTPRD"
"3635","NTRK3","PTPRF"
"3636","NTRK3","PTPRS"
"3639","NTS","SORT1"
"3643","NXPH2","NRXN1"
"3648","OMG","RTN4R"
"3649","OMG","RTN4RL1"
"3651","ORM1","CCR5"
"3660","PCNA","NCR2"
"3661","PCSK9","VLDLR"
"3663","PDCD1LG2","RGMB"
"3665","PDGFB","ART1"
"3666","PDGFB","LRP1"
"3670","PDGFC","PDGFRB"
"3672","PDPN","CLEC1B"
"3676","PECAM1","CD38"
"3681","PF4","CXCR3"
"3685","PF4","SDC2"
"3687","PF4V1","CXCR3"
"3690","PGF","NRP2"
"3691","PGLYRP1","TREM1"
"3692","PIP","CD4"
"3693","PLA2G10","PLA2R1"
"3694","PLA2G2A","ITGA4"
"3695","PLA2G2A","ITGA5"
"3696","PLA2G2A","ITGAV"
"3697","PLA2G2A","ITGB1"
"3698","PLA2G2A","ITGB3"
"3700","PLAU","IGF2R"
"3702","PLAU","LRP2"
"3704","PLAU","ST14"
"3705","PLG","F2R"
"3706","PLG","F2RL1"
"3707","PLG","F3"
"3710","PLG","PLGRKT"
"3711","PLTP","ABCA1"
"3715","PODXL","SELL"
"3725","POSTN","PTK7"
"3730","PRG4","TLR2"
"3731","PRG4","TLR4"
"3736","PROC","TEK"
"3737","PROC","THBD"
"3743","PROS1","MERTK"
"3745","PSAP","CD1B"
"3750","PSEN1","NOTCH1"
"3751","PSEN1","NOTCH2"
"3752","PSEN1","NOTCH3"
"3753","PSEN1","NOTCH4"
"3754","PSPN","GFRA1"
"3759","PTGS2","CAV1"
"3767","PTMA","VIPR1"
"3768","PTN","ALK"
"3769","PTN","PLXNB2"
"3771","PTN","PTPRS"
"3773","PTN","SDC3"
"3775","PTPRC","MRC1"
"3776","PTPRK","PTPRK"
"3778","PTPRZ1","L1CAM"
"3779","PTPRZ1","NCAM1"
"3781","PVR","CD96"
"3782","PVR","NECTIN3"
"3783","PVR","PVRIG"
"3785","PYY","FAP"
"3792","RAET1E","KLRK1"
"3793","RAET1G","KLRK1"
"3794","RAET1L","KLRK1"
"3795","RARRES2","CCRL2"
"3798","RBP3","NOTCH1"
"3799","RBP4","STRA6"
"3806","RGMB","NEO1"
"3811","RLN2","RXFP3"
"3816","RNASE2","TLR2"
"3817","ROBO1","ROBO1"
"3818","ROBO2","ROBO2"
"3819","RPH3A","NRXN1"
"3825","RSPO1","ZNRF3"
"3829","RSPO2","RNF43"
"3830","RSPO2","ZNRF3"
"3831","RSPO3","FZD8"
"3835","RSPO3","LRP6"
"3836","RSPO3","SDC4"
"3840","RTN4","CNTNAP1"
"3843","RTN4","RTN4RL1"
"3844","RTN4","S1PR2"
"3846","S100A8","TLR4"
"3847","S100A9","TLR4"
"3848","SAA1","CD36"
"3850","SCGB1A1","LRP2"
"3851","SCGB3A1","MARCO"
"3852","SCGB3A2","MARCO"
"3856","SDC2","PTPRJ"
"3857","SECTM1","CD7"
"3858","SELE","CD44"
"3860","SELPLG","SELL"
"3862","SELPLG","SIGLEC5"
"3864","SEMA3A","NRP2"
"3869","SEMA3B","NRP2"
"3870","SEMA3C","NRP1"
"3872","SEMA3C","PLXND1"
"3873","SEMA3D","NRP1"
"3875","SEMA3F","NRP1"
"3878","SEMA3G","NRP2"
"3879","SEMA4A","LILRB2"
"3880","SEMA4A","PLXNB1"
"3881","SEMA4A","PLXNB2"
"3882","SEMA4A","PLXND1"
"3883","SEMA4B","DCBLD2"
"3884","SEMA4C","PLXNB2"
"3885","SEMA4D","CD72"
"3886","SEMA4D","ERBB2"
"3890","SEMA4G","PLXNB2"
"3893","SEMA6A","PLXNA2"
"3894","SEMA6A","PLXNA4"
"3895","SEMA6B","PLXNA2"
"3898","SEMA6D","TREM2"
"3899","SEMA6D","TYROBP"
"3900","SEMA7A","ITGA1"
"3901","SEMA7A","ITGB1"
"3905","SERPINC1","SDC2"
"3907","SERPINE1","LRP2"
"3909","SERPINF1","PLXDC1"
"3910","SERPINF1","PLXDC2"
"3912","SERPING1","SELE"
"3913","SERPING1","SELP"
"3914","SERTAD1","AR"
"3915","SFRP1","FZD2"
"3916","SFRP1","FZD6"
"3917","SFRP2","FZD5"
"3918","SFTPA1","TLR2"
"3919","SFTPA2","CD93"
"3920","SFTPD","LAIR1"
"3921","SFTPD","SIRPA"
"3922","SHANK1","ADGRL1"
"3923","SHANK1","SSTR2"
"3926","SHH","GAS1"
"3927","SHH","GPC5"
"3929","SHH","LRP2"
"3931","SHH","PTCH2"
"3933","SIGLEC1","SPN"
"3934","SIRPA","CD47"
"3935","SIRPB2","CD47"
"3936","SIRPG","CD47"
"3937","SLAMF1","SLAMF1"
"3938","SLAMF6","SLAMF6"
"3939","SLAMF7","SLAMF7"
"3942","SLIT1","ROBO2"
"3944","SLIT2","APP"
"3950","SLIT3","ROBO1"
"3951","SLIT3","ROBO2"
"3952","SLIT3","ROBO4"
"3953","SLITRK1","PTPRD"
"3954","SLITRK1","PTPRS"
"3955","SLITRK2","PTPRD"
"3956","SLITRK2","PTPRS"
"3957","SLITRK3","PTPRD"
"3958","SLITRK3","PTPRS"
"3959","SLITRK5","PTPRD"
"3960","SLITRK6","PTPRS"
"3961","SLPI","PLSCR1"
"3962","SLPI","PLSCR4"
"3963","SLURP1","CHRNA7"
"3964","SNCA","LAG3"
"3965","SOST","LRP4"
"3968","SOSTDC1","LRP4"
"3969","SOSTDC1","LRP5"
"3970","SOSTDC1","LRP6"
"3971","SPINK1","EGFR"
"3973","SPON1","APP"
"3974","SPON1","LRP8"
"3975","SPON2","ITGA4"
"3976","SPON2","ITGA5"
"3977","SPON2","ITGAM"
"3978","SPON2","ITGB1"
"3979","SPON2","ITGB2"
"3987","SPX","GALR2"
"3988","SPX","GALR3"
"3994","ST6GAL1","CD22"
"4004","TAFA4","FPR1"
"4005","TCN1","CD320"
"4006","TCTN1","TMEM67"
"4007","TDGF1","ACVR1B"
"4009","TF","TFR2"
"4011","TFF2","CXCR4"
"4012","TFF3","ACKR3"
"4013","TFF3","CXCR4"
"4016","TG","ASGR1"
"4017","TG","LRP2"
"4019","TGFA","ERBB2"
"4020","TGFA","ERBB4"
"4022","TGFB1","ENG"
"4023","TGFB1","ITGAV"
"4024","TGFB1","ITGB6"
"4025","TGFB1","ITGB8"
"4026","TGFB1","SDC2"
"4030","TGFB1","VASN"
"4031","TGFB2","ACVR1"
"4032","TGFB2","ENG"
"4037","TGFB3","ENG"
"4041","TGM2","ADGRG1"
"4042","TGM2","ITGB1"
"4043","TGM2","ITGB3"
"4044","TGM2","SDC4"
"4047","THBS1","ITGA2B"
"4048","THBS1","ITGA3"
"4049","THBS1","ITGA4"
"4050","THBS1","ITGA6"
"4051","THBS1","ITGB1"
"4052","THBS1","ITGB3"
"4053","THBS1","LRP1"
"4054","THBS1","PTPRJ"
"4056","THBS1","SDC4"
"4057","THBS1","TNFRSF11B"
"4059","THBS2","ITGA4"
"4060","THBS2","ITGA6"
"4061","THBS2","ITGB1"
"4062","THBS2","NOTCH3"
"4064","TIGIT","NECTIN2"
"4065","TIGIT","PVR"
"4066","TIMD4","HAVCR1"
"4067","TIMP1","CD63"
"4068","TIMP2","ITGA3"
"4069","TIMP2","ITGB1"
"4070","TIMP3","AGTR2"
"4071","TIMP3","KDR"
"4072","TNC","CNTN1"
"4073","TNC","EGFR"
"4074","TNC","ITGA7"
"4078","TNC","PTPRB"
"4079","TNC","PTPRZ1"
"4083","TNFRSF14","BTLA"
"4084","TNFRSF14","CD160"
"4092","TNFSF12","CD163"
"4094","TNFSF13","FAS"
"4095","TNFSF13","SDC2"
"4096","TNFSF13","TNFRSF11B"
"4098","TNFSF13","TNFRSF14"
"4100","TNFSF13","TNFRSF1A"
"4108","TNFSF15","TNFRSF6B"
"4113","TOR2A","ATP5F1B"
"4122","UCN2","IL10RB"
"4123","UCN3","CRHR1"
"4125","UCN3","IL10RB"
"4126","ULBP1","KLRK1"
"4128","ULBP3","KLRK1"
"4131","VASP","CXCR2"
"4133","VCAM1","ITGA9"
"4138","VCAN","CD44"
"4139","VCAN","EGFR"
"4140","VCAN","ITGB1"
"4141","VCAN","SELP"
"4142","VCAN","TLR2"
"4144","VEGFA","GPC1"
"4155","VEGFD","ITGA9"
"4157","VEGFD","NRP2"
"4158","VIM","CD44"
"4167","VTN","ITGB6"
"4169","VTN","PLAUR"
"4170","VTN","PVR"
"4171","VTN","TNFRSF11B"
"4174","VWF","TNFRSF11B"
"4175","WNT1","FZD1"
"4176","WNT1","FZD10"
"4177","WNT1","FZD2"
"4179","WNT1","FZD4"
"4182","WNT1","LRP6"
"4183","WNT1","ROR2"
"4185","WNT10A","FZD1"
"4186","WNT10A","FZD5"
"4187","WNT10A","FZD8"
"4188","WNT10B","FZD7"
"4190","WNT11","FZD8"
"4191","WNT16","FZD2"
"4192","WNT16","LRP5"
"4193","WNT2","FZD1"
"4194","WNT2","FZD2"
"4195","WNT2","FZD3"
"4196","WNT2","FZD4"
"4197","WNT2","FZD5"
"4198","WNT2","FZD7"
"4199","WNT2","FZD8"
"4200","WNT2","FZD9"
"4201","WNT2B","FZD4"
"4202","WNT2B","FZD7"
"4203","WNT3","FZD1"
"4204","WNT3","FZD7"
"4208","WNT3A","APCDD1"
"4209","WNT3A","FZD1"
"4210","WNT3A","FZD10"
"4211","WNT3A","FZD2"
"4212","WNT3A","FZD5"
"4214","WNT3A","FZD7"
"4215","WNT3A","FZD8"
"4216","WNT3A","LRP1"
"4217","WNT3A","LRP6"
"4218","WNT3A","RYK"
"4221","WNT5A","FZD1"
"4223","WNT5A","FZD3"
"4225","WNT5A","FZD5"
"4228","WNT5A","FZD8"
"4229","WNT5A","LRP5"
"4230","WNT5A","MCAM"
"4231","WNT5A","ROR1"
"4232","WNT5A","ROR2"
"4234","WNT5B","FZD2"
"4235","WNT5B","FZD8"
"4236","WNT6","FZD7"
"4237","WNT7A","FZD1"
"4238","WNT7A","FZD10"
"4240","WNT7A","FZD9"
"4243","WNT7B","FZD4"
"4244","WNT7B","FZD5"
"4245","WNT7B","FZD8"
"4247","WNT8A","FZD4"
"4248","WNT8A","FZD5"
"4249","WNT8A","FZD8"
"4250","WNT9A","FZD10"
"4251","WNT9A","FZD4"
"4252","WNT9B","FZD10"
"4253","WNT9B","FZD4"
"4254","WNT9B","FZD5"
"4255","WNT9B","FZD8"
"4258","YBX1","NOTCH1"
"4259","ZG16B","CXCR4"
"4260","ZG16B","TLR2"
"4261","ZG16B","TLR4"
"4262","ZG16B","TLR5"
"4263","ZG16B","TLR6"
"4264","ZP3","CHRNA7"
"4265","ZP3","EGFR"
